{
    "status": "completed",
    "best_avg_output_accuracy": 0.6447849984865499,
    "final_exact_match_accuracy": 0.41959178367134686,
    "final_avg_output_f1": 0.6433700216200832,
    "final_train_loss": 0.4140419527487292,
    "final_val_loss": 0.3603251828534555,
    "epochs_trained": 20,
    "input_markers": [
        "Anger",
        "Contempt",
        "Disgust",
        "Fear",
        "Joy",
        "Sadness",
        "Surprise",
        "Engagement",
        "Positive Valence",
        "Negative Valence",
        "Neutral Valence",
        "Sentimentality",
        "Confusion",
        "Neutral"
    ],
    "output_markers": [
        "Attention",
        "Brow Furrow",
        "Brow Raise",
        "Cheek Raise",
        "Chin Raise",
        "Dimpler",
        "Eye Closure",
        "Eye Widen",
        "Inner Brow Raise",
        "Jaw Drop",
        "Lip Corner Depressor",
        "Lip Press",
        "Lip Pucker",
        "Lip Stretch",
        "Lip Suck",
        "Lip Tighten",
        "Mouth Open",
        "Nose Wrinkle",
        "Smile",
        "Smirk",
        "Upper Lip Raise",
        "Head Pointing Up",
        "Head Pointing Down",
        "Head Pointing Forward",
        "Head Turned Right",
        "Head Turned Left",
        "Head Turned Forward",
        "Head Tilted Left",
        "Head Tilted Right",
        "Head Not Tilted",
        "Head Leaning Forward",
        "Head Leaning Backward",
        "Lip Tuck"
    ],
    "per_output_final_accuracies": [
        0.9903146125845034,
        0.9452678107124285,
        0.7468148725949038,
        0.7962168486739469,
        0.6465808632345293,
        0.6979329173166927,
        0.8402886115444618,
        0.7011180447217888,
        0.8031071242849714,
        0.8118824752990119,
        0.7013780551222049,
        0.7513650546021841,
        0.7864664586583463,
        0.8835803432137286,
        0.8406136245449818,
        0.7417446697867914,
        0.890665626625065,
        0.750065002600104,
        0.9674986999479979,
        0.6952028081123245,
        0.781916276651066,
        0.9946047841913677,
        0.9796541861674467,
        0.8072022880915236,
        0.7919916796671866,
        0.7854264170566823,
        0.9557332293291732,
        0.766315652626105,
        0.8354134165366615,
        0.9801092043681747,
        0.9660686427457098,
        0.998829953198128,
        0.9860894435777431
    ],
    "per_output_final_f1s": [
        0.9915143231391309,
        0.48721071863581,
        0.5423569498296322,
        0.6393650063269297,
        0.4141795065186941,
        0.43114212265883217,
        0.8244623847967422,
        0.6064703868538172,
        0.48071318361049203,
        0.7719823510872991,
        0.34632896983494593,
        0.703235316936923,
        0.3391671695835848,
        0.3655685441020191,
        0.31470095025153716,
        0.47047847527655606,
        0.8838237325597458,
        0.5379161158514602,
        0.9035493827160493,
        0.47058823529411764,
        0.6486543093517646,
        0.9954433159483942,
        0.7349703640982218,
        0.6601741521539871,
        0.7687527099291805,
        0.5381278858262208,
        0.9605468976304965,
        0.6538276360134809,
        0.5851900393184797,
        0.9821199018347552,
        0.7119205298013245,
        0.999067454149829,
        0.46766169154228854
    ],
    "training_time_hours": 0.35783665067619747,
    "total_parameters": 4974057,
    "config": {
        "fps": 1.0,
        "img_size": 224,
        "batch_size": 24,
        "num_epochs": 20,
        "learning_rate": 0.0008,
        "train_split": 0.8,
        "num_workers": 32,
        "device": 